FeatureID	ratio	min	max	Name	cat
TACGTAGGGGGCAAGCGTTATCCGGATTTACTGGGTGTAAAGGGAGCGTAGGCGGCCATGCAAGTCAGAAGTGAAAGCCCGGGGCTCAACCCCGGGACTGCTTTTGAAACTGTAAGGCTAGATTGCCGGAGAGGTAAGCGGAATTCCTAG	-7.35137965850001	-12.4465	-3.07364	TACGTAGGGGGCAAGCGTTATCCGGATTTACTGGGTGTAAAGGGAGCGTAGGCGGCCATGCAAGTCAGAAGTGAAAGCCCGGGGCTCAACCCCGGGACTGCTTTTGAAACTGTAAGGCTAGATTGCCGGAGAGGTAAGCGGAATTCCTAG d__Bacteria; p__Firmicutes_A; c__Clostridia_258483; o__Lachnospirales; f__Lachnospiraceae; g__Frisingicoccus; s__Frisingicoccus caecimuris	Non-MAFLD
TACGTATGGAGCAAGCGTTATCCGGATTTACTGGGTGTAAAGGGTGCGTAGGTGGCAGTGCAAGTCAGATGTGAAAGGCCGGGGCTCAACCCCGGAGCTGCATTTGAAACTGCGCGGCTAGAGTACAGGAGAGGCAGGCGGAATTCCTAG	-7.21939476154998	-13.019	-2.26886	TACGTATGGAGCAAGCGTTATCCGGATTTACTGGGTGTAAAGGGTGCGTAGGTGGCAGTGCAAGTCAGATGTGAAAGGCCGGGGCTCAACCCCGGAGCTGCATTTGAAACTGCGCGGCTAGAGTACAGGAGAGGCAGGCGGAATTCCTAG d__Bacteria; p__Firmicutes_A; c__Clostridia_258483; o__Lachnospirales; f__Lachnospiraceae; g__Anaerobutyricum; s__Anaerobutyricum soehngenii	Non-MAFLD
TACGTAGGTGGCAAGCGTTGTCCGGATTTACTGGGTGTAAAGGGCGTGTAGGCGGGTAGACAAGTCAGATGTGAAATACCGGGGCTCAACTCCGGGGCTGCATTTGAAACTGTATATCTTGAGTGTCGGAGAGGAAAGCGGAATTCCTAG	-7.073263697	-12.7064	-2.45936	TACGTAGGTGGCAAGCGTTGTCCGGATTTACTGGGTGTAAAGGGCGTGTAGGCGGGTAGACAAGTCAGATGTGAAATACCGGGGCTCAACTCCGGGGCTGCATTTGAAACTGTATATCTTGAGTGTCGGAGAGGAAAGCGGAATTCCTAG d__Bacteria; p__Firmicutes_A; c__Clostridia_258483; o__Monoglobales; f__Monoglobaceae; g__Monoglobus; s__Monoglobus pectinilyticus	Non-MAFLD
TACGTAGGGGGCAAGCGTTATCCGGATTTACTGGGTGTAAAGGGAGCGTAGACGGCTTTGCAAGTCTGACGTGAAAATCCGGGGCTCAACCCCGGAACTGCGTTGGAAACTGTGAGGCTTGAGTGCCGGAGAGGTAAGCGGAATTCCTAG	-6.56357621840001	-11.6709	-1.98995	TACGTAGGGGGCAAGCGTTATCCGGATTTACTGGGTGTAAAGGGAGCGTAGACGGCTTTGCAAGTCTGACGTGAAAATCCGGGGCTCAACCCCGGAACTGCGTTGGAAACTGTGAGGCTTGAGTGCCGGAGAGGTAAGCGGAATTCCTAG d__Bacteria; p__Firmicutes_A; c__Clostridia_258483; o__Lachnospirales; f__Lachnospiraceae; g__Limivivens; s__Limivivens sp900066135	Non-MAFLD
TACGTAGGGGGCAAGCGTTATCCGGATTTACTGGGTGTAAAGGGAGCGTAGACGGCTGTGCAAGTCTGGAGTGAAAGCCCGGGGCTCAACCCCGGGACTGCTTTGGAAACTGTACGGCTGGAGTGCTGGAGAGGCAAGCGGAATTCCTAG	-6.52128710485	-12.1486	-1.44573	TACGTAGGGGGCAAGCGTTATCCGGATTTACTGGGTGTAAAGGGAGCGTAGACGGCTGTGCAAGTCTGGAGTGAAAGCCCGGGGCTCAACCCCGGGACTGCTTTGGAAACTGTACGGCTGGAGTGCTGGAGAGGCAAGCGGAATTCCTAG d__Bacteria; p__Firmicutes_A; c__Clostridia_258483; o__Lachnospirales; f__Lachnospiraceae; g__Ventrisoma; s__Ventrisoma faecale	Non-MAFLD
TACGTAGGGGGCAAGCGTTGTCCGGAATGATTGGGCGTAAAGGGCGTGTAGGCGGCGATTTAAGTCTGGAGTGAAAGTCCTGCTTTTAAGGTGGGAATTGCTTTGGATACTGGATGGCTAGAGTGCAGGAGAGGTTAGTGGAATTCCCAG	-6.34962257933001	-12.8215	-1.51576	TACGTAGGGGGCAAGCGTTGTCCGGAATGATTGGGCGTAAAGGGCGTGTAGGCGGCGATTTAAGTCTGGAGTGAAAGTCCTGCTTTTAAGGTGGGAATTGCTTTGGATACTGGATGGCTAGAGTGCAGGAGAGGTTAGTGGAATTCCCAG d__Bacteria; p__Firmicutes_A; c__Clostridia_258483; o__Christensenellales; f__CAG-74; g__SFMI01; s__	Non-MAFLD
TACGTAGGGAGCGAGCGTTGTCCGGATTTACTGGGTGTAAAGGGTGCGTAGGCGGGATGGCAAGTCAGATGTGAAATACCGGGGCTTAACTCCGGGGCTGCATTTGAAACTGTCGTTCTTGAGTGAAGTAGAGGCAGGCGGAATTCCTAG	-6.336547284	-12.0557	-1.44751	TACGTAGGGAGCGAGCGTTGTCCGGATTTACTGGGTGTAAAGGGTGCGTAGGCGGGATGGCAAGTCAGATGTGAAATACCGGGGCTTAACTCCGGGGCTGCATTTGAAACTGTCGTTCTTGAGTGAAGTAGAGGCAGGCGGAATTCCTAG d__Bacteria; p__Firmicutes_A; c__Clostridia_258483; o__Oscillospirales; f__Acutalibacteraceae; g__UBA5905; s__	Non-MAFLD
TACGGAGGATCCGAGCGTTATCCGGATTTATTGGGTTTAAAGGGAGCGTAGATGGATGTTTAAGTCAGTTGTGAAAGTTTGCGGCTCAACCGTAAAATTGCAGTTGATACTGGATGTCTTGAGTGCAGTTGAGGCAGGCGGAATTCGTGG	-5.36840393519599	-8.16578	-2.90468	TACGGAGGATCCGAGCGTTATCCGGATTTATTGGGTTTAAAGGGAGCGTAGATGGATGTTTAAGTCAGTTGTGAAAGTTTGCGGCTCAACCGTAAAATTGCAGTTGATACTGGATGTCTTGAGTGCAGTTGAGGCAGGCGGAATTCGTGG d__Bacteria; p__Bacteroidota; c__Bacteroidia; o__Bacteroidales; f__Bacteroidaceae; g__Phocaeicola_A_858004; s__Phocaeicola_A_858004 dorei	Non-MAFLD
TACGGAGGATCCGAGCGTTATCCGGATTTATTGGGTTTAAAGGGAGCGTAGGTGGACTGGTAAGTCAGTTGTGAAAGTTTGCGGCTCAACCGTAAAATTGCAGTTGATACTGTCAGTCTTGAGTACAGTAGAGGTGGGCGGAATTCGTGG	-5.01825162175	-7.90998	-1.49943	TACGGAGGATCCGAGCGTTATCCGGATTTATTGGGTTTAAAGGGAGCGTAGGTGGACTGGTAAGTCAGTTGTGAAAGTTTGCGGCTCAACCGTAAAATTGCAGTTGATACTGTCAGTCTTGAGTACAGTAGAGGTGGGCGGAATTCGTGG d__Bacteria; p__Bacteroidota; c__Bacteroidia; o__Bacteroidales; f__Bacteroidaceae; g__Bacteroides_H; s__Bacteroides_H fragilis	Non-MAFLD
TACGTATGGTGCAAGCGTTATCCGGATTTACTGGGTGTAAAGGGAGCGTAGGTGGCAAGGCAAGCCAGAAGTGAAAACCCGGGGCTCAACCGCGGGATTGCTTTTGGAACTGTCATGCTAGAGTGCAGGAGGGGTGAGCGGAATTCCTAG	-2.75240388000001	-3.99588	-1.23128	TACGTATGGTGCAAGCGTTATCCGGATTTACTGGGTGTAAAGGGAGCGTAGGTGGCAAGGCAAGCCAGAAGTGAAAACCCGGGGCTCAACCGCGGGATTGCTTTTGGAACTGTCATGCTAGAGTGCAGGAGGGGTGAGCGGAATTCCTAG d__Bacteria; p__Firmicutes_A; c__Clostridia_258483; o__Lachnospirales; f__Lachnospiraceae; g__; s__	Non-MAFLD
TACGTAGGGAGCGAGCGTTGTCCGGAATGACTGGGTGTAAAGGGAGCGTAGGCGGGATGGCAAGTCAGATGTGAAACCTGAGGGCTCAACCTTCAGACTGCATTTGAAACTGCTGTTCTTGAGTGAAGTAGAGGTAAGCGGAATTCCTGG	3.15682235530001	1.2006	5.60841	TACGTAGGGAGCGAGCGTTGTCCGGAATGACTGGGTGTAAAGGGAGCGTAGGCGGGATGGCAAGTCAGATGTGAAACCTGAGGGCTCAACCTTCAGACTGCATTTGAAACTGCTGTTCTTGAGTGAAGTAGAGGTAAGCGGAATTCCTGG d__Bacteria; p__Firmicutes_A; c__Clostridia_258483; o__Oscillospirales; f__Ruminococcaceae; g__Ruminococcus_C_58660; s__Ruminococcus_C_58660 sp000433635	MAFLD no AF
TACGTAGGTGGCAAGCGTTGTCCGGAATTATTGGGCGTAAAGCGCGCGCAGGCGGCTTCTTAAGTCCATCTTAAAAGTGCGGGGCTTAACCCCGTGATGGGATGGAAACTGAGAGGCTGGAGTATCGGAGAGGAAAGTGGAATTCCTAGT	6.99060787560001	1.05525	12.3874	TACGTAGGTGGCAAGCGTTGTCCGGAATTATTGGGCGTAAAGCGCGCGCAGGCGGCTTCTTAAGTCCATCTTAAAAGTGCGGGGCTTAACCCCGTGATGGGATGGAAACTGAGAGGCTGGAGTATCGGAGAGGAAAGTGGAATTCCTAGT d__Bacteria; p__Firmicutes_C; c__Negativicutes; o__Veillonellales; f__Dialisteraceae; g__Dialister; s__Dialister sp900543165	MAFLD no AF
